Workbook

Sheet Recruitment_Data
A1: Candidate_ID | B1: Source | C1: Department | D1: Role | E1: Applied_Date | F1: Stage | G1: Stage_Entry_Date | H1: Stage_Exit_Date | I1: Hiring_Cost_INR | J1: Final_Status | K1: Stage_Duration_Days | L1: Time_to_Hire_Days | M1: Hired_Flag | N1: Offer_Flag
A2: CAND1001 | B2: Campus | C2: IT | D2: IT Analyst | E2: 45803 | F2: Interviewed | G2: 45808 | H2: 45812 | I2: 4411 | J2: Rejected | K2: =H2-G2 | M2: 0 | N2: 0
A3: CAND1002 | B3: Referral | C3: HR | D3: HR Analyst | E3: 45821 | F3: Rejected | G3: 45823 | H3: 45830 | I3: 4491 | J3: Rejected | K3: =H3-G3 | M3: 0 | N3: 0
A4: CAND1003 | B4: Referral | C4: Operations | D4: Operations Manager | E4: 46011 | F4: Interviewed | G4: 46016 | H4: 46017 | I4: 10918 | J4: Rejected | K4: =H4-G4 | M4: 0 | N4: 0
A5: CAND1004 | B5: Campus | C5: Finance | D5: Finance Executive | E5: 45979 | F5: Interviewed | G5: 45984 | H5: 45987 | I5: 6956 | J5: Rejected | K5: =H5-G5 | M5: 0 | N5: 0
A6: CAND1005 | B6: Referral | C6: Marketing | D6: Marketing Manager | E6: 45765 | F6: Screened | G6: 45775 | H6: 45782 | I6: 22222 | J6: Rejected | K6: =H6-G6 | M6: 0 | N6: 0
A7: CAND1006 | B7: LinkedIn | C7: Marketing | D7: Marketing Executive | E7: 45849 | F7: Interviewed | G7: 45858 | H7: 45861 | I7: 17399 | J7: Rejected | K7: =H7-G7 | M7: 0 | N7: 0
A8: CAND1007 | B8: Campus | C8: HR | D8: HR Analyst | E8: 45946 | F8: Rejected | G8: 45950 | H8: 45951 | I8: 7620 | J8: Rejected | K8: =H8-G8 | M8: 0 | N8: 0
A9: CAND1008 | B9: Referral | C9: Sales | D9: Sales Manager | E9: 45753 | F9: Hired | G9: 45759 | H9: 45764 | I9: 36241 | J9: Hired | K9: =H9-G9 | L9: 11 | M9: 1 | N9: 1
A10: CAND1009 | B10: Referral | C10: Sales | D10: Sales Executive | E10: 45809 | F10: Rejected | G10: 45816 | H10: 45819 | I10: 18616 | J10: Rejected | K10: =H10-G10 | M10: 0 | N10: 0
A11: CAND1010 | B11: Job Portal | C11: Operations | D11: Operations Manager | E11: 45903 | F11: Rejected | G11: 45909 | H11: 45911 | I11: 19881 | J11: Rejected | K11: =H11-G11 | M11: 0 | N11: 0
A12: CAND1011 | B12: Campus | C12: Operations | D12: Operations Analyst | E12: 46011 | F12: Rejected | G12: 46017 | H12: 46020 | I12: 17062 | J12: Rejected | K12: =H12-G12 | M12: 0 | N12: 0
A13: CAND1012 | B13: Job Portal | C13: HR | D13: HR Analyst | E13: 45787 | F13: Hired | G13: 45790 | H13: 45793 | I13: 39092 | J13: Hired | K13: =H13-G13 | L13: 6 | M13: 1 | N13: 1
A14: CAND1013 | B14: Job Portal | C14: Marketing | D14: Marketing Executive | E14: 45904 | F14: Screened | G14: 45907 | H14: 45914 | I14: 10116 | J14: Rejected | K14: =H14-G14 | M14: 0 | N14: 0
A15: CAND1014 | B15: Job Portal | C15: Sales | D15: Sales Analyst | E15: 45754 | F15: Hired | G15: 45756 | H15: 45757 | I15: 25541 | J15: Hired | K15: =H15-G15 | L15: 3 | M15: 1 | N15: 1
A16: CAND1015 | B16: Referral | C16: Sales | D16: Sales Manager | E16: 45913 | F16: Rejected | G16: 45920 | H16: 45921 | I16: 19953 | J16: Rejected | K16: =H16-G16 | M16: 0 | N16: 0
A17: CAND1016 | B17: LinkedIn | C17: Marketing | D17: Marketing Manager | E17: 45759 | F17: Rejected | G17: 45762 | H17: 45763 | I17: 22611 | J17: Rejected | K17: =H17-G17 | M17: 0 | N17: 0
A18: CAND1017 | B18: Campus | C18: Operations | D18: Operations Manager | E18: 45883 | F18: Screened | G18: 45887 | H18: 45889 | I18: 17103 | J18: Rejected | K18: =H18-G18 | M18: 0 | N18: 0
A19: CAND1018 | B19: Referral | C19: HR | D19: HR Analyst | E19: 45731 | F19: Offered | G19: 45740 | H19: 45746 | I19: 10076 | J19: Rejected | K19: =H19-G19 | M19: 0 | N19: 1
A20: CAND1019 | B20: LinkedIn | C20: Marketing | D20: Marketing Executive | E20: 45898 | F20: Interviewed | G20: 45900 | H20: 45902 | I20: 7905 | J20: Rejected | K20: =H20-G20 | M20: 0 | N20: 0
A21: CAND1020 | B21: LinkedIn | C21: HR | D21: HR Executive | E21: 45832 | F21: Rejected | G21: 45835 | H21: 45842 | I21: 7033 | J21: Rejected | K21: =H21-G21 | M21: 0 | N21: 0
A22: CAND1021 | B22: Job Portal | C22: IT | D22: IT Analyst | E22: 45923 | F22: Screened | G22: 45925 | H22: 45928 | I22: 18625 | J22: Rejected | K22: =H22-G22 | M22: 0 | N22: 0
A23: CAND1022 | B23: Campus | C23: Sales | D23: Sales Analyst | E23: 45670 | F23: Rejected | G23: 45673 | H23: 45674 | I23: 22070 | J23: Rejected | K23: =H23-G23 | M23: 0 | N23: 0
A24: CAND1023 | B24: Job Portal | C24: Marketing | D24: Marketing Analyst | E24: 45983 | F24: Offered | G24: 45987 | H24: 45991 | I24: 7972 | J24: Rejected | K24: =H24-G24 | M24: 0 | N24: 1
A25: CAND1024 | B25: Job Portal | C25: HR | D25: HR Manager | E25: 45947 | F25: Rejected | G25: 45956 | H25: 45959 | I25: 7843 | J25: Rejected | K25: =H25-G25 | M25: 0 | N25: 0
A26: CAND1025 | B26: Job Portal | C26: HR | D26: HR Manager | E26: 45992 | F26: Screened | G26: 45996 | H26: 45998 | I26: 4550 | J26: Rejected | K26: =H26-G26 | M26: 0 | N26: 0
A27: CAND1026 | B27: Referral | C27: Operations | D27: Operations Analyst | E27: 45684 | F27: Interviewed | G27: 45693 | H27: 45694 | I27: 20450 | J27: Rejected | K27: =H27-G27 | M27: 0 | N27: 0
A28: CAND1027 | B28: Referral | C28: Operations | D28: Operations Executive | E28: 45806 | F28: Hired | G28: 45808 | H28: 45809 | I28: 33499 | J28: Hired | K28: =H28-G28 | L28: 3 | M28: 1 | N28: 1
A29: CAND1028 | B29: Job Portal | C29: IT | D29: IT Analyst | E29: 45820 | F29: Screened | G29: 45830 | H29: 45832 | I29: 12531 | J29: Rejected | K29: =H29-G29 | M29: 0 | N29: 0
A30: CAND1029 | B30: Referral | C30: Sales | D30: Sales Manager | E30: 45824 | F30: Interviewed | G30: 45830 | H30: 45837 | I30: 5105 | J30: Rejected | K30: =H30-G30 | M30: 0 | N30: 0
A31: CAND1030 | B31: Referral | C31: IT | D31: IT Analyst | E31: 45709 | F31: Rejected | G31: 45714 | H31: 45716 | I31: 23483 | J31: Rejected | K31: =H31-G31 | M31: 0 | N31: 0
A32: CAND1031 | B32: LinkedIn | C32: Finance | D32: Finance Analyst | E32: 45886 | F32: Hired | G32: 45896 | H32: 45897 | I32: 22568 | J32: Hired | K32: =H32-G32 | L32: 11 | M32: 1 | N32: 1
A33: CAND1032 | B33: LinkedIn | C33: IT | D33: IT Executive | E33: 45942 | F33: Rejected | G33: 45948 | H33: 45949 | I33: 7882 | J33: Rejected | K33: =H33-G33 | M33: 0 | N33: 0
A34: CAND1033 | B34: LinkedIn | C34: IT | D34: IT Analyst | E34: 45909 | F34: Interviewed | G34: 45911 | H34: 45914 | I34: 23334 | J34: Rejected | K34: =H34-G34 | M34: 0 | N34: 0
A35: CAND1034 | B35: Referral | C35: HR | D35: HR Analyst | E35: 45850 | F35: Screened | G35: 45857 | H35: 45858 | I35: 4339 | J35: Rejected | K35: =H35-G35 | M35: 0 | N35: 0
A36: CAND1035 | B36: LinkedIn | C36: Sales | D36: Sales Analyst | E36: 45849 | F36: Hired | G36: 45855 | H36: 45856 | I36: 40054 | J36: Hired | K36: =H36-G36 | L36: 7 | M36: 1 | N36: 1
A37: CAND1036 | B37: Job Portal | C37: Operations | D37: Operations Executive | E37: 46000 | F37: Interviewed | G37: 46004 | H37: 46011 | I37: 15547 | J37: Rejected | K37: =H37-G37 | M37: 0 | N37: 0
A38: CAND1037 | B38: Campus | C38: Operations | D38: Operations Executive | E38: 45672 | F38: Rejected | G38: 45681 | H38: 45682 | I38: 15060 | J38: Rejected | K38: =H38-G38 | M38: 0 | N38: 0
A39: CAND1038 | B39: Job Portal | C39: IT | D39: IT Analyst | E39: 45969 | F39: Hired | G39: 45975 | H39: 45981 | I39: 19505 | J39: Hired | K39: =H39-G39 | L39: 12 | M39: 1 | N39: 1
A40: CAND1039 | B40: LinkedIn | C40: Finance | D40: Finance Executive | E40: 45808 | F40: Hired | G40: 45817 | H40: 45819 | I40: 22516 | J40: Hired | K40: =H40-G40 | L40: 11 | M40: 1 | N40: 1
A41: CAND1040 | B41: Campus | C41: IT | D41: IT Executive | E41: 45995 | F41: Interviewed | G41: 46001 | H41: 46002 | I41: 5419 | J41: Rejected | K41: =H41-G41 | M41: 0 | N41: 0
A42: CAND1041 | B42: Job Portal | C42: Finance | D42: Finance Executive | E42: 45732 | F42: Hired | G42: 45739 | H42: 45744 | I42: 26651 | J42: Hired | K42: =H42-G42 | L42: 12 | M42: 1 | N42: 1
A43: CAND1042 | B43: Job Portal | C43: HR | D43: HR Analyst | E43: 45718 | F43: Rejected | G43: 45725 | H43: 45731 | I43: 16270 | J43: Rejected | K43: =H43-G43 | M43: 0 | N43: 0
A44: CAND1043 | B44: Job Portal | C44: Operations | D44: Operations Executive | E44: 45792 | F44: Screened | G44: 45799 | H44: 45800 | I44: 5324 | J44: Rejected | K44: =H44-G44 | M44: 0 | N44: 0
A45: CAND1044 | B45: Campus | C45: Finance | D45: Finance Executive | E45: 45745 | F45: Screened | G45: 45749 | H45: 45751 | I45: 12508 | J45: Rejected | K45: =H45-G45 | M45: 0 | N45: 0
A46: CAND1045 | B46: LinkedIn | C46: HR | D46: HR Executive | E46: 45722 | F46: Rejected | G46: 45727 | H46: 45729 | I46: 19163 | J46: Rejected | K46: =H46-G46 | M46: 0 | N46: 0
A47: CAND1046 | B47: Referral | C47: HR | D47: HR Analyst | E47: 45685 | F47: Interviewed | G47: 45690 | H47: 45692 | I47: 20330 | J47: Rejected | K47: =H47-G47 | M47: 0 | N47: 0
A48: CAND1047 | B48: LinkedIn | C48: IT | D48: IT Executive | E48: 45693 | F48: Screened | G48: 45695 | H48: 45698 | I48: 16363 | J48: Rejected | K48: =H48-G48 | M48: 0 | N48: 0
A49: CAND1048 | B49: Campus | C49: Sales | D49: Sales Analyst | E49: 45976 | F49: Screened | G49: 45983 | H49: 45984 | I49: 23803 | J49: Rejected | K49: =H49-G49 | M49: 0 | N49: 0
A50: CAND1049 | B50: LinkedIn | C50: Sales | D50: Sales Manager | E50: 45987 | F50: Offered | G50: 45998 | H50: 46002 | I50: 15490 | J50: Rejected | K50: =H50-G50 | M50: 0 | N50: 1
A51: CAND1050 | B51: LinkedIn | C51: Marketing | D51: Marketing Analyst | E51: 45673 | F51: Rejected | G51: 45684 | H51: 45691 | I51: 24446 | J51: Rejected | K51: =H51-G51 | M51: 0 | N51: 0
A52: CAND1051 | B52: Job Portal | C52: Marketing | D52: Marketing Manager | E52: 45992 | F52: Rejected | G52: 45998 | H52: 46003 | I52: 8901 | J52: Rejected | K52: =H52-G52 | M52: 0 | N52: 0
A53: CAND1052 | B53: Job Portal | C53: Sales | D53: Sales Manager | E53: 45676 | F53: Interviewed | G53: 45682 | H53: 45687 | I53: 16109 | J53: Rejected | K53: =H53-G53 | M53: 0 | N53: 0
A54: CAND1053 | B54: Referral | C54: Marketing | D54: Marketing Manager | E54: 45835 | F54: Offered | G54: 45844 | H54: 45845 | I54: 9574 | J54: Rejected | K54: =H54-G54 | M54: 0 | N54: 1
... A58: CAND1057 | B58: LinkedIn | C58: IT | D58: IT Executive | E58: 45722 | F58: Interviewed | G58: 45724 | H58: 45726 | I58: 6087 | J58: Rejected | K58: =H58-G58 | M58: 0 | N58: 0
A59: CAND1058 | B59: LinkedIn | C59: HR | D59: HR Manager | E59: 45701 | F59: Hired | G59: 45705 | H59: 45706 | I59: 24227 | J59: Hired | K59: =H59-G59 | L59: 5 | M59: 1 | N59: 1
A60: CAND1059 | B60: Campus | C60: HR | D60: HR Executive | E60: 46022 | F60: Screened | G60: 46029 | H60: 46036 | I60: 11019 | J60: Rejected | K60: =H60-G60 | M60: 0 | N60: 0
A61: CAND1060 | B61: LinkedIn | C61: Sales | D61: Sales Manager | E61: 45848 | F61: Interviewed | G61: 45855 | H61: 45857 | I61: 3508 | J61: Rejected | K61: =H61-G61 | M61: 0 | N61: 0
A62: CAND1061 | B62: Job Portal | C62: IT | D62: IT Manager | E62: 45864 | F62: Rejected | G62: 45870 | H62: 45873 | I62: 12310 | J62: Rejected | K62: =H62-G62 | M62: 0 | N62: 0
A63: CAND1062 | B63: Job Portal | C63: Sales | D63: Sales Analyst | E63: 45696 | F63: Screened | G63: 45698 | H63: 45699 | I63: 13951 | J63: Rejected | K63: =H63-G63 | M63: 0 | N63: 0
A64: CAND1063 | B64: LinkedIn | C64: Marketing | D64: Marketing Manager | E64: 45864 | F64: Screened | G64: 45869 | H64: 45872 | I64: 20862 | J64: Rejected | K64: =H64-G64 | M64: 0 | N64: 0
A65: CAND1064 | B65: Job Portal | C65: Sales | D65: Sales Manager | E65: 45865 | F65: Hired | G65: 45868 | H65: 45869 | I65: 31938 | J65: Hired | K65: =H65-G65 | L65: 4 | M65: 1 | N65: 1
A66: CAND1065 | B66: Job Portal | C66: Marketing | D66: Marketing Manager | E66: 45660 | F66: Hired | G66: 45666 | H66: 45671 | I66: 24137 | J66: Hired | K66: =H66-G66 | L66: 11 | M66: 1 | N66: 1
A67: CAND1066 | B67: Job Portal | C67: Finance | D67: Finance Executive | E67: 45793 | F67: Hired | G67: 45797 | H67: 45801 | I67: 26765 | J67: Hired | K67: =H67-G67 | L67: 8 | M67: 1 | N67: 1
A68: CAND1067 | B68: Job Portal | C68: Sales | D68: Sales Executive | E68: 45785 | F68: Rejected | G68: 45794 | H68: 45798 | I68: 24119 | J68: Rejected | K68: =H68-G68 | M68: 0 | N68: 0
A69: CAND1068 | B69: Referral | C69: Operations | D69: Operations Executive | E69: 45690 | F69: Rejected | G69: 45697 | H69: 45703 | I69: 12804 | J69: Rejected | K69: =H69-G69 | M69: 0 | N69: 0
A70: CAND1069 | B70: Referral | C70: Sales | D70: Sales Executive | E70: 45926 | F70: Screened | G70: 45937 | H70: 45943 | I70: 14379 | J70: Rejected | K70: =H70-G70 | M70: 0 | N70: 0
A71: CAND1070 | B71: Job Portal | C71: Operations | D71: Operations Analyst | E71: 45799 | F71: Screened | G71: 45804 | H71: 45807 | I71: 6617 | J71: Rejected | K71: =H71-G71 | M71: 0 | N71: 0
A72: CAND1071 | B72: Referral | C72: Sales | D72: Sales Analyst | E72: 45667 | F72: Screened | G72: 45672 | H72: 45676 | I72: 8250 | J72: Rejected | K72: =H72-G72 | M72: 0 | N72: 0
A73: CAND1072 | B73: Job Portal | C73: Sales | D73: Sales Analyst | E73: 45710 | F73: Screened | G73: 45716 | H73: 45717 | I73: 13141 | J73: Rejected | K73: =H73-G73 | M73: 0 | N73: 0
A74: CAND1073 | B74: Campus | C74: Finance | D74: Finance Executive | E74: 45845 | F74: Interviewed | G74: 45852 | H74: 45858 | I74: 17475 | J74: Rejected | K74: =H74-G74 | M74: 0 | N74: 0
A75: CAND1074 | B75: LinkedIn | C75: Marketing | D75: Marketing Executive | E75: 45754 | F75: Hired | G75: 45756 | H75: 45759 | I75: 33725 | J75: Hired | K75: =H75-G75 | L75: 5 | M75: 1 | N75: 1
A76: CAND1075 | B76: LinkedIn | C76: Operations | D76: Operations Analyst | E76: 45891 | F76: Interviewed | G76: 45894 | H76: 45895 | I76: 16109 | J76: Rejected | K76: =H76-G76 | M76: 0 | N76: 0
A77: CAND1076 | B77: Job Portal | C77: IT | D77: IT Executive | E77: 45955 | F77: Hired | G77: 45959 | H77: 45965 | I77: 31296 | J77: Hired | K77: =H77-G77 | L77: 10 | M77: 1 | N77: 1
A78: CAND1077 | B78: LinkedIn | C78: HR | D78: HR Manager | E78: 45931 | F78: Rejected | G78: 45938 | H78: 45944 | I78: 15554 | J78: Rejected | K78: =H78-G78 | M78: 0 | N78: 0
A79: CAND1078 | B79: Referral | C79: HR | D79: HR Executive | E79: 45846 | F79: Hired | G79: 45855 | H79: 45856 | I79: 29094 | J79: Hired | K79: =H79-G79 | L79: 10 | M79: 1 | N79: 1
A80: CAND1079 | B80: Referral | C80: Sales | D80: Sales Manager | E80: 45794 | F80: Screened | G80: 45797 | H80: 45804 | I80: 13608 | J80: Rejected | K80: =H80-G80 | M80: 0 | N80: 0
A81: CAND1080 | B81: Job Portal | C81: Finance | D81: Finance Executive | E81: 45849 | F81: Offered | G81: 45853 | H81: 45854 | I81: 5952 | J81: Rejected | K81: =H81-G81 | M81: 0 | N81: 1
A82: CAND1081 | B82: Campus | C82: IT | D82: IT Executive | E82: 45809 | F82: Rejected | G82: 45812 | H82: 45813 | I82: 12989 | J82: Rejected | K82: =H82-G82 | M82: 0 | N82: 0
A83: CAND1082 | B83: LinkedIn | C83: Sales | D83: Sales Analyst | E83: 45682 | F83: Rejected | G83: 45687 | H83: 45694 | I83: 10784 | J83: Rejected | K83: =H83-G83 | M83: 0 | N83: 0
A84: CAND1083 | B84: Referral | C84: Sales | D84: Sales Executive | E84: 45759 | F84: Screened | G84: 45761 | H84: 45763 | I84: 17984 | J84: Rejected | K84: =H84-G84 | M84: 0 | N84: 0
A85: CAND1084 | B85: Campus | C85: Operations | D85: Operations Manager | E85: 45973 | F85: Rejected | G85: 45978 | H85: 45983 | I85: 13359 | J85: Rejected | K85: =H85-G85 | M85: 0 | N85: 0
A86: CAND1085 | B86: LinkedIn | C86: Operations | D86: Operations Analyst | E86: 45877 | F86: Hired | G86: 45885 | H86: 45890 | I86: 33228 | J86: Hired | K86: =H86-G86 | L86: 13 | M86: 1 | N86: 1
A87: CAND1086 | B87: Referral | C87: Sales | D87: Sales Executive | E87: 45871 | F87: Screened | G87: 45876 | H87: 45877 | I87: 4636 | J87: Rejected | K87: =H87-G87 | M87: 0 | N87: 0
A88: CAND1087 | B88: Campus | C88: Operations | D88: Operations Manager | E88: 45761 | F88: Interviewed | G88: 45766 | H88: 45770 | I88: 8322 | J88: Rejected | K88: =H88-G88 | M88: 0 | N88: 0
A89: CAND1088 | B89: LinkedIn | C89: Operations | D89: Operations Executive | E89: 45665 | F89: Interviewed | G89: 45672 | H89: 45679 | I89: 13251 | J89: Rejected | K89: =H89-G89 | M89: 0 | N89: 0
A90: CAND1089 | B90: Referral | C90: Marketing | D90: Marketing Manager | E90: 45897 | F90: Screened | G90: 45905 | H90: 45912 | I90: 12556 | J90: Rejected | K90: =H90-G90 | M90: 0 | N90: 0
A91: CAND1090 | B91: LinkedIn | C91: Finance | D91: Finance Executive | E91: 45777 | F91: Screened | G91: 45787 | H91: 45793 | I91: 17936 | J91: Rejected | K91: =H91-G91 | M91: 0 | N91: 0
A92: CAND1091 | B92: LinkedIn | C92: IT | D92: IT Manager | E92: 45805 | F92: Interviewed | G92: 45811 | H92: 45813 | I92: 4393 | J92: Rejected | K92: =H92-G92 | M92: 0 | N92: 0
A93: CAND1092 | B93: LinkedIn | C93: HR | D93: HR Executive | E93: 45839 | F93: Offered | G93: 45842 | H93: 45849 | I93: 20260 | J93: Rejected | K93: =H93-G93 | M93: 0 | N93: 1
A94: CAND1093 | B94: LinkedIn | C94: IT | D94: IT Executive | E94: 45892 | F94: Rejected | G94: 45895 | H94: 45900 | I94: 5398 | J94: Rejected | K94: =H94-G94 | M94: 0 | N94: 0
A95: CAND1094 | B95: Job Portal | C95: Finance | D95: Finance Analyst | E95: 45768 | F95: Screened | G95: 45774 | H95: 45776 | I95: 7822 | J95: Rejected | K95: =H95-G95 | M95: 0 | N95: 0
A96: CAND1095 | B96: Referral | C96: Marketing | D96: Marketing Manager | E96: 46021 | F96: Rejected | G96: 46027 | H96: 46031 | I96: 9531 | J96: Rejected | K96: =H96-G96 | M96: 0 | N96: 0
A97: CAND1096 | B97: Job Portal | C97: Sales | D97: Sales Analyst | E97: 46022 | F97: Rejected | G97: 46031 | H97: 46033 | I97: 21410 | J97: Rejected | K97: =H97-G97 | M97: 0 | N97: 0
A98: CAND1097 | B98: LinkedIn | C98: Finance | D98: Finance Analyst | E98: 45805 | F98: Screened | G98: 45810 | H98: 45813 | I98: 17637 | J98: Rejected | K98: =H98-G98 | M98: 0 | N98: 0
... A102: CAND1101 | B102: Job Portal | C102: Sales | D102: Sales Executive | E102: 45993 | F102: Rejected | G102: 45996 | H102: 45999 | I102: 16682 | J102: Rejected | K102: =H102-G102 | M102: 0 | N102: 0
A103: CAND1102 | B103: Referral | C103: HR | D103: HR Manager | E103: 45849 | F103: Hired | G103: 45860 | H103: 45862 | I103: 22396 | J103: Hired | K103: =H103-G103 | L103: 13 | M103: 1 | N103: 1
A104: CAND1103 | B104: LinkedIn | C104: Sales | D104: Sales Manager | E104: 45888 | F104: Rejected | G104: 45898 | H104: 45901 | I104: 5101 | J104: Rejected | K104: =H104-G104 | M104: 0 | N104: 0
A105: CAND1104 | B105: LinkedIn | C105: Operations | D105: Operations Analyst | E105: 45961 | F105: Hired | G105: 45969 | H105: 45975 | I105: 29634 | J105: Hired | K105: =H105-G105 | L105: 14 | M105: 1 | N105: 1
A106: CAND1105 | B106: Campus | C106: Marketing | D106: Marketing Analyst | E106: 45792 | F106: Rejected | G106: 45800 | H106: 45803 | I106: 9754 | J106: Rejected | K106: =H106-G106 | M106: 0 | N106: 0
...

Sheet KPI_Summary
A1: KPI | B1: Value | C1: Definition
A2: Total Candidates | B2: =COUNTA(Recruitment_Data!A2:A241) | C2: Candidates in dataset
A3: Hires | B3: =COUNTIF(Recruitment_Data!J2:J241,"Hired") | C3: Candidates hired
A4: Application-to-Hire Ratio | B4: =IFERROR(B3/B2,0) | C4: Hired ÷ Applied
A5: Average Time-to-Hire | B5: =IFERROR(AVERAGEIF(Recruitment_Data!J2:J241,"Hired",Recruitment_Data!L2:L241),0) | C5: Days from application to hire
A6: Total Hiring Cost | B6: =SUM(Recruitment_Data!I2:I241) | C6: Total recruitment cost
A7: Cost-per-Hire | B7: =IFERROR(B6/B3,0) | C7: Total cost ÷ hires
A8: Offer Acceptance Rate | B8: =IFERROR(COUNTIF(Recruitment_Data!J2:J241,"Hired")/COUNTIF(Recruitment_Data!F2:F241,"Offered"),0) | C8: Hired ÷ offers

Sheet Funnel_Summary
A1: Stage | B1: Candidates | C1: Conversion % | D1: Drop-Off %
A2: Applied | B2: 240 | C2: 1 | D2: 0
A3: Screened | B3: 187 | C3: 0.77916667 | D3: 0.22083333
A4: Interviewed | B4: 114 | C4: 0.60962567 | D4: 0.39037433
A5: Offered | B5: 54 | C5: 0.47368421 | D5: 0.52631579
A6: Hired | B6: 47 | C6: 0.87037037 | D6: 0.12962963
A7: Rejected | B7: 193 | C7: 0.80416667 | D7: 0.80416667

Sheet Source_Effectiveness
A1: Source | B1: Candidates | C1: Hires | D1: Conversion % | E1: Total Cost (₹) | F1: Cost per Hire (₹) | G1: Avg Time-to-Hire
A2: Job Portal | B2: =COUNTIF(Recruitment_Data!B$2:B$241,A2) | C2: =COUNTIFS(Recruitment_Data!B$2:B$241,A2,Recruitment_Data!J$2:J$241,"Hired") | D2: =IFERROR(C2/B2,0) | E2: =SUMIF(Recruitment_Data!B$2:B$241,A2,Recruitment_Data!I$2:I$241) | F2: =IFERROR(E2/C2,0) | G2: =IFERROR(AVERAGEIFS(Recruitment_Data!L$2:L$241,Recruitment_Data!B$2:B$241,A2,Recruitment_Data!J$2:J$241,"Hired"),0)
A3: Referral | B3: =COUNTIF(Recruitment_Data!B$2:B$241,A3) | C3: =COUNTIFS(Recruitment_Data!B$2:B$241,A3,Recruitment_Data!J$2:J$241,"Hired") | D3: =IFERROR(C3/B3,0) | E3: =SUMIF(Recruitment_Data!B$2:B$241,A3,Recruitment_Data!I$2:I$241) | F3: =IFERROR(E3/C3,0) | G3: =IFERROR(AVERAGEIFS(Recruitment_Data!L$2:L$241,Recruitment_Data!B$2:B$241,A3,Recruitment_Data!J$2:J$241,"Hired"),0)
A4: LinkedIn | B4: =COUNTIF(Recruitment_Data!B$2:B$241,A4) | C4: =COUNTIFS(Recruitment_Data!B$2:B$241,A4,Recruitment_Data!J$2:J$241,"Hired") | D4: =IFERROR(C4/B4,0) | E4: =SUMIF(Recruitment_Data!B$2:B$241,A4,Recruitment_Data!I$2:I$241) | F4: =IFERROR(E4/C4,0) | G4: =IFERROR(AVERAGEIFS(Recruitment_Data!L$2:L$241,Recruitment_Data!B$2:B$241,A4,Recruitment_Data!J$2:J$241,"Hired"),0)
A5: Campus | B5: =COUNTIF(Recruitment_Data!B$2:B$241,A5) | C5: =COUNTIFS(Recruitment_Data!B$2:B$241,A5,Recruitment_Data!J$2:J$241,"Hired") | D5: =IFERROR(C5/B5,0) | E5: =SUMIF(Recruitment_Data!B$2:B$241,A5,Recruitment_Data!I$2:I$241) | F5: =IFERROR(E5/C5,0) | G5: =IFERROR(AVERAGEIFS(Recruitment_Data!L$2:L$241,Recruitment_Data!B$2:B$241,A5,Recruitment_Data!J$2:J$241,"Hired"),0)

Sheet Department_Analysis
A1: Department | B1: Candidates | C1: Hires | D1: Conversion % | E1: Avg Time-to-Hire | F1: Total Cost (₹) | G1: Cost per Hire (₹)
A2: IT | B2: =COUNTIF(Recruitment_Data!C$2:C$241,A2) | C2: =COUNTIFS(Recruitment_Data!C$2:C$241,A2,Recruitment_Data!J$2:J$241,"Hired") | D2: =IFERROR(C2/B2,0) | E2: =IFERROR(AVERAGEIFS(Recruitment_Data!L$2:L$241,Recruitment_Data!C$2:C$241,A2,Recruitment_Data!J$2:J$241,"Hired"),0) | F2: =SUMIF(Recruitment_Data!C$2:C$241,A2,Recruitment_Data!I$2:I$241) | G2: =IFERROR(F2/C2,0)
A3: Finance | B3: =COUNTIF(Recruitment_Data!C$2:C$241,A3) | C3: =COUNTIFS(Recruitment_Data!C$2:C$241,A3,Recruitment_Data!J$2:J$241,"Hired") | D3: =IFERROR(C3/B3,0) | E3: =IFERROR(AVERAGEIFS(Recruitment_Data!L$2:L$241,Recruitment_Data!C$2:C$241,A3,Recruitment_Data!J$2:J$241,"Hired"),0) | F3: =SUMIF(Recruitment_Data!C$2:C$241,A3,Recruitment_Data!I$2:I$241) | G3: =IFERROR(F3/C3,0)
A4: HR | B4: =COUNTIF(Recruitment_Data!C$2:C$241,A4) | C4: =COUNTIFS(Recruitment_Data!C$2:C$241,A4,Recruitment_Data!J$2:J$241,"Hired") | D4: =IFERROR(C4/B4,0) | E4: =IFERROR(AVERAGEIFS(Recruitment_Data!L$2:L$241,Recruitment_Data!C$2:C$241,A4,Recruitment_Data!J$2:J$241,"Hired"),0) | F4: =SUMIF(Recruitment_Data!C$2:C$241,A4,Recruitment_Data!I$2:I$241) | G4: =IFERROR(F4/C4,0)
A5: Sales | B5: =COUNTIF(Recruitment_Data!C$2:C$241,A5) | C5: =COUNTIFS(Recruitment_Data!C$2:C$241,A5,Recruitment_Data!J$2:J$241,"Hired") | D5: =IFERROR(C5/B5,0) | E5: =IFERROR(AVERAGEIFS(Recruitment_Data!L$2:L$241,Recruitment_Data!C$2:C$241,A5,Recruitment_Data!J$2:J$241,"Hired"),0) | F5: =SUMIF(Recruitment_Data!C$2:C$241,A5,Recruitment_Data!I$2:I$241) | G5: =IFERROR(F5/C5,0)
A6: Operations | B6: =COUNTIF(Recruitment_Data!C$2:C$241,A6) | C6: =COUNTIFS(Recruitment_Data!C$2:C$241,A6,Recruitment_Data!J$2:J$241,"Hired") | D6: =IFERROR(C6/B6,0) | E6: =IFERROR(AVERAGEIFS(Recruitment_Data!L$2:L$241,Recruitment_Data!C$2:C$241,A6,Recruitment_Data!J$2:J$241,"Hired"),0) | F6: =SUMIF(Recruitment_Data!C$2:C$241,A6,Recruitment_Data!I$2:I$241) | G6: =IFERROR(F6/C6,0)
A7: Marketing | B7: =COUNTIF(Recruitment_Data!C$2:C$241,A7) | C7: =COUNTIFS(Recruitment_Data!C$2:C$241,A7,Recruitment_Data!J$2:J$241,"Hired") | D7: =IFERROR(C7/B7,0) | E7: =IFERROR(AVERAGEIFS(Recruitment_Data!L$2:L$241,Recruitment_Data!C$2:C$241,A7,Recruitment_Data!J$2:J$241,"Hired"),0) | F7: =SUMIF(Recruitment_Data!C$2:C$241,A7,Recruitment_Data!I$2:I$241) | G7: =IFERROR(F7/C7,0)

Sheet Monthly_Trend
A1: Month | B1: Hires | C1: Avg Time-to-Hire | D1: Hiring Cost (₹)
A2: 45658 | B2: =COUNTIFS(Recruitment_Data!E$2:E$241,">="&A2,Recruitment_Data!E$2:E$241,"<"&EDATE(A2,1),Recruitment_Data!J$2:J$241,"Hired") | C2: =IFERROR(AVERAGEIFS(Recruitment_Data!L$2:L$241,Recruitment_Data!E$2:E$241,">="&A2,Recruitment_Data!E$2:E$241,"<"&EDATE(A2,1),Recruitment_Data!J$2:J$241,"Hired"),0) | D2: =SUMIFS(Recruitment_Data!I$2:I$241,Recruitment_Data!E$2:E$241,">="&A2,Recruitment_Data!E$2:E$241,"<"&EDATE(A2,1),Recruitment_Data!J$2:J$241,"Hired")
A3: 45689 | B3: =COUNTIFS(Recruitment_Data!E$2:E$241,">="&A3,Recruitment_Data!E$2:E$241,"<"&EDATE(A3,1),Recruitment_Data!J$2:J$241,"Hired") | C3: =IFERROR(AVERAGEIFS(Recruitment_Data!L$2:L$241,Recruitment_Data!E$2:E$241,">="&A3,Recruitment_Data!E$2:E$241,"<"&EDATE(A3,1),Recruitment_Data!J$2:J$241,"Hired"),0) | D3: =SUMIFS(Recruitment_Data!I$2:I$241,Recruitment_Data!E$2:E$241,">="&A3,Recruitment_Data!E$2:E$241,"<"&EDATE(A3,1),Recruitment_Data!J$2:J$241,"Hired")
A4: 45717 | B4: =COUNTIFS(Recruitment_Data!E$2:E$241,">="&A4,Recruitment_Data!E$2:E$241,"<"&EDATE(A4,1),Recruitment_Data!J$2:J$241,"Hired") | C4: =IFERROR(AVERAGEIFS(Recruitment_Data!L$2:L$241,Recruitment_Data!E$2:E$241,">="&A4,Recruitment_Data!E$2:E$241,"<"&EDATE(A4,1),Recruitment_Data!J$2:J$241,"Hired"),0) | D4: =SUMIFS(Recruitment_Data!I$2:I$241,Recruitment_Data!E$2:E$241,">="&A4,Recruitment_Data!E$2:E$241,"<"&EDATE(A4,1),Recruitment_Data!J$2:J$241,"Hired")
A5: 45748 | B5: =COUNTIFS(Recruitment_Data!E$2:E$241,">="&A5,Recruitment_Data!E$2:E$241,"<"&EDATE(A5,1),Recruitment_Data!J$2:J$241,"Hired") | C5: =IFERROR(AVERAGEIFS(Recruitment_Data!L$2:L$241,Recruitment_Data!E$2:E$241,">="&A5,Recruitment_Data!E$2:E$241,"<"&EDATE(A5,1),Recruitment_Data!J$2:J$241,"Hired"),0) | D5: =SUMIFS(Recruitment_Data!I$2:I$241,Recruitment_Data!E$2:E$241,">="&A5,Recruitment_Data!E$2:E$241,"<"&EDATE(A5,1),Recruitment_Data!J$2:J$241,"Hired")
A6: 45778 | B6: =COUNTIFS(Recruitment_Data!E$2:E$241,">="&A6,Recruitment_Data!E$2:E$241,"<"&EDATE(A6,1),Recruitment_Data!J$2:J$241,"Hired") | C6: =IFERROR(AVERAGEIFS(Recruitment_Data!L$2:L$241,Recruitment_Data!E$2:E$241,">="&A6,Recruitment_Data!E$2:E$241,"<"&EDATE(A6,1),Recruitment_Data!J$2:J$241,"Hired"),0) | D6: =SUMIFS(Recruitment_Data!I$2:I$241,Recruitment_Data!E$2:E$241,">="&A6,Recruitment_Data!E$2:E$241,"<"&EDATE(A6,1),Recruitment_Data!J$2:J$241,"Hired")
A7: 45809 | B7: =COUNTIFS(Recruitment_Data!E$2:E$241,">="&A7,Recruitment_Data!E$2:E$241,"<"&EDATE(A7,1),Recruitment_Data!J$2:J$241,"Hired") | C7: =IFERROR(AVERAGEIFS(Recruitment_Data!L$2:L$241,Recruitment_Data!E$2:E$241,">="&A7,Recruitment_Data!E$2:E$241,"<"&EDATE(A7,1),Recruitment_Data!J$2:J$241,"Hired"),0) | D7: =SUMIFS(Recruitment_Data!I$2:I$241,Recruitment_Data!E$2:E$241,">="&A7,Recruitment_Data!E$2:E$241,"<"&EDATE(A7,1),Recruitment_Data!J$2:J$241,"Hired")
A8: 45839 | B8: =COUNTIFS(Recruitment_Data!E$2:E$241,">="&A8,Recruitment_Data!E$2:E$241,"<"&EDATE(A8,1),Recruitment_Data!J$2:J$241,"Hired") | C8: =IFERROR(AVERAGEIFS(Recruitment_Data!L$2:L$241,Recruitment_Data!E$2:E$241,">="&A8,Recruitment_Data!E$2:E$241,"<"&EDATE(A8,1),Recruitment_Data!J$2:J$241,"Hired"),0) | D8: =SUMIFS(Recruitment_Data!I$2:I$241,Recruitment_Data!E$2:E$241,">="&A8,Recruitment_Data!E$2:E$241,"<"&EDATE(A8,1),Recruitment_Data!J$2:J$241,"Hired")
A9: 45870 | B9: =COUNTIFS(Recruitment_Data!E$2:E$241,">="&A9,Recruitment_Data!E$2:E$241,"<"&EDATE(A9,1),Recruitment_Data!J$2:J$241,"Hired") | C9: =IFERROR(AVERAGEIFS(Recruitment_Data!L$2:L$241,Recruitment_Data!E$2:E$241,">="&A9,Recruitment_Data!E$2:E$241,"<"&EDATE(A9,1),Recruitment_Data!J$2:J$241,"Hired"),0) | D9: =SUMIFS(Recruitment_Data!I$2:I$241,Recruitment_Data!E$2:E$241,">="&A9,Recruitment_Data!E$2:E$241,"<"&EDATE(A9,1),Recruitment_Data!J$2:J$241,"Hired")
A10: 45901 | B10: =COUNTIFS(Recruitment_Data!E$2:E$241,">="&A10,Recruitment_Data!E$2:E$241,"<"&EDATE(A10,1),Recruitment_Data!J$2:J$241,"Hired") | C10: =IFERROR(AVERAGEIFS(Recruitment_Data!L$2:L$241,Recruitment_Data!E$2:E$241,">="&A10,Recruitment_Data!E$2:E$241,"<"&EDATE(A10,1),Recruitment_Data!J$2:J$241,"Hired"),0) | D10: =SUMIFS(Recruitment_Data!I$2:I$241,Recruitment_Data!E$2:E$241,">="&A10,Recruitment_Data!E$2:E$241,"<"&EDATE(A10,1),Recruitment_Data!J$2:J$241,"Hired")
A11: 45931 | B11: =COUNTIFS(Recruitment_Data!E$2:E$241,">="&A11,Recruitment_Data!E$2:E$241,"<"&EDATE(A11,1),Recruitment_Data!J$2:J$241,"Hired") | C11: =IFERROR(AVERAGEIFS(Recruitment_Data!L$2:L$241,Recruitment_Data!E$2:E$241,">="&A11,Recruitment_Data!E$2:E$241,"<"&EDATE(A11,1),Recruitment_Data!J$2:J$241,"Hired"),0) | D11: =SUMIFS(Recruitment_Data!I$2:I$241,Recruitment_Data!E$2:E$241,">="&A11,Recruitment_Data!E$2:E$241,"<"&EDATE(A11,1),Recruitment_Data!J$2:J$241,"Hired")
A12: 45962 | B12: =COUNTIFS(Recruitment_Data!E$2:E$241,">="&A12,Recruitment_Data!E$2:E$241,"<"&EDATE(A12,1),Recruitment_Data!J$2:J$241,"Hired") | C12: =IFERROR(AVERAGEIFS(Recruitment_Data!L$2:L$241,Recruitment_Data!E$2:E$241,">="&A12,Recruitment_Data!E$2:E$241,"<"&EDATE(A12,1),Recruitment_Data!J$2:J$241,"Hired"),0) | D12: =SUMIFS(Recruitment_Data!I$2:I$241,Recruitment_Data!E$2:E$241,">="&A12,Recruitment_Data!E$2:E$241,"<"&EDATE(A12,1),Recruitment_Data!J$2:J$241,"Hired")
A13: 45992 | B13: =COUNTIFS(Recruitment_Data!E$2:E$241,">="&A13,Recruitment_Data!E$2:E$241,"<"&EDATE(A13,1),Recruitment_Data!J$2:J$241,"Hired") | C13: =IFERROR(AVERAGEIFS(Recruitment_Data!L$2:L$241,Recruitment_Data!E$2:E$241,">="&A13,Recruitment_Data!E$2:E$241,"<"&EDATE(A13,1),Recruitment_Data!J$2:J$241,"Hired"),0) | D13: =SUMIFS(Recruitment_Data!I$2:I$241,Recruitment_Data!E$2:E$241,">="&A13,Recruitment_Data!E$2:E$241,"<"&EDATE(A13,1),Recruitment_Data!J$2:J$241,"Hired")

Sheet Top_10_Longest_Cases
A1: Rank | B1: Candidate ID | C1: Source | D1: Department | E1: Role | F1: Time-to-Hire | G1: Hiring Cost (₹) | H1: Status
A2: 1 | B2: =INDEX(Recruitment_Data!$A$2:$A$241,MATCH(F2,Recruitment_Data!$L$2:$L$241,0)) | C2: =INDEX(Recruitment_Data!$B$2:$B$241,MATCH(F2,Recruitment_Data!$L$2:$L$241,0)) | D2: =INDEX(Recruitment_Data!$C$2:$C$241,MATCH(F2,Recruitment_Data!$L$2:$L$241,0)) | E2: =INDEX(Recruitment_Data!$D$2:$D$241,MATCH(F2,Recruitment_Data!$L$2:$L$241,0)) | F2: =LARGE(Recruitment_Data!$L$2:$L$241,A2) | G2: =INDEX(Recruitment_Data!$I$2:$I$241,MATCH(F2,Recruitment_Data!$L$2:$L$241,0)) | H2: =INDEX(Recruitment_Data!$J$2:$J$241,MATCH(F2,Recruitment_Data!$L$2:$L$241,0))
A3: 2 | B3: =INDEX(Recruitment_Data!$A$2:$A$241,MATCH(F3,Recruitment_Data!$L$2:$L$241,0)) | C3: =INDEX(Recruitment_Data!$B$2:$B$241,MATCH(F3,Recruitment_Data!$L$2:$L$241,0)) | D3: =INDEX(Recruitment_Data!$C$2:$C$241,MATCH(F3,Recruitment_Data!$L$2:$L$241,0)) | E3: =INDEX(Recruitment_Data!$D$2:$D$241,MATCH(F3,Recruitment_Data!$L$2:$L$241,0)) | F3: =LARGE(Recruitment_Data!$L$2:$L$241,A3) | G3: =INDEX(Recruitment_Data!$I$2:$I$241,MATCH(F3,Recruitment_Data!$L$2:$L$241,0)) | H3: =INDEX(Recruitment_Data!$J$2:$J$241,MATCH(F3,Recruitment_Data!$L$2:$L$241,0))
A4: 3 | B4: =INDEX(Recruitment_Data!$A$2:$A$241,MATCH(F4,Recruitment_Data!$L$2:$L$241,0)) | C4: =INDEX(Recruitment_Data!$B$2:$B$241,MATCH(F4,Recruitment_Data!$L$2:$L$241,0)) | D4: =INDEX(Recruitment_Data!$C$2:$C$241,MATCH(F4,Recruitment_Data!$L$2:$L$241,0)) | E4: =INDEX(Recruitment_Data!$D$2:$D$241,MATCH(F4,Recruitment_Data!$L$2:$L$241,0)) | F4: =LARGE(Recruitment_Data!$L$2:$L$241,A4) | G4: =INDEX(Recruitment_Data!$I$2:$I$241,MATCH(F4,Recruitment_Data!$L$2:$L$241,0)) | H4: =INDEX(Recruitment_Data!$J$2:$J$241,MATCH(F4,Recruitment_Data!$L$2:$L$241,0))
A5: 4 | B5: =INDEX(Recruitment_Data!$A$2:$A$241,MATCH(F5,Recruitment_Data!$L$2:$L$241,0)) | C5: =INDEX(Recruitment_Data!$B$2:$B$241,MATCH(F5,Recruitment_Data!$L$2:$L$241,0)) | D5: =INDEX(Recruitment_Data!$C$2:$C$241,MATCH(F5,Recruitment_Data!$L$2:$L$241,0)) | E5: =INDEX(Recruitment_Data!$D$2:$D$241,MATCH(F5,Recruitment_Data!$L$2:$L$241,0)) | F5: =LARGE(Recruitment_Data!$L$2:$L$241,A5) | G5: =INDEX(Recruitment_Data!$I$2:$I$241,MATCH(F5,Recruitment_Data!$L$2:$L$241,0)) | H5: =INDEX(Recruitment_Data!$J$2:$J$241,MATCH(F5,Recruitment_Data!$L$2:$L$241,0))
A6: 5 | B6: =INDEX(Recruitment_Data!$A$2:$A$241,MATCH(F6,Recruitment_Data!$L$2:$L$241,0)) | C6: =INDEX(Recruitment_Data!$B$2:$B$241,MATCH(F6,Recruitment_Data!$L$2:$L$241,0)) | D6: =INDEX(Recruitment_Data!$C$2:$C$241,MATCH(F6,Recruitment_Data!$L$2:$L$241,0)) | E6: =INDEX(Recruitment_Data!$D$2:$D$241,MATCH(F6,Recruitment_Data!$L$2:$L$241,0)) | F6: =LARGE(Recruitment_Data!$L$2:$L$241,A6) | G6: =INDEX(Recruitment_Data!$I$2:$I$241,MATCH(F6,Recruitment_Data!$L$2:$L$241,0)) | H6: =INDEX(Recruitment_Data!$J$2:$J$241,MATCH(F6,Recruitment_Data!$L$2:$L$241,0))
A7: 6 | B7: =INDEX(Recruitment_Data!$A$2:$A$241,MATCH(F7,Recruitment_Data!$L$2:$L$241,0)) | C7: =INDEX(Recruitment_Data!$B$2:$B$241,MATCH(F7,Recruitment_Data!$L$2:$L$241,0)) | D7: =INDEX(Recruitment_Data!$C$2:$C$241,MATCH(F7,Recruitment_Data!$L$2:$L$241,0)) | E7: =INDEX(Recruitment_Data!$D$2:$D$241,MATCH(F7,Recruitment_Data!$L$2:$L$241,0)) | F7: =LARGE(Recruitment_Data!$L$2:$L$241,A7) | G7: =INDEX(Recruitment_Data!$I$2:$I$241,MATCH(F7,Recruitment_Data!$L$2:$L$241,0)) | H7: =INDEX(Recruitment_Data!$J$2:$J$241,MATCH(F7,Recruitment_Data!$L$2:$L$241,0))
A8: 7 | B8: =INDEX(Recruitment_Data!$A$2:$A$241,MATCH(F8,Recruitment_Data!$L$2:$L$241,0)) | C8: =INDEX(Recruitment_Data!$B$2:$B$241,MATCH(F8,Recruitment_Data!$L$2:$L$241,0)) | D8: =INDEX(Recruitment_Data!$C$2:$C$241,MATCH(F8,Recruitment_Data!$L$2:$L$241,0)) | E8: =INDEX(Recruitment_Data!$D$2:$D$241,MATCH(F8,Recruitment_Data!$L$2:$L$241,0)) | F8: =LARGE(Recruitment_Data!$L$2:$L$241,A8) | G8: =INDEX(Recruitment_Data!$I$2:$I$241,MATCH(F8,Recruitment_Data!$L$2:$L$241,0)) | H8: =INDEX(Recruitment_Data!$J$2:$J$241,MATCH(F8,Recruitment_Data!$L$2:$L$241,0))
A9: 8 | B9: =INDEX(Recruitment_Data!$A$2:$A$241,MATCH(F9,Recruitment_Data!$L$2:$L$241,0)) | C9: =INDEX(Recruitment_Data!$B$2:$B$241,MATCH(F9,Recruitment_Data!$L$2:$L$241,0)) | D9: =INDEX(Recruitment_Data!$C$2:$C$241,MATCH(F9,Recruitment_Data!$L$2:$L$241,0)) | E9: =INDEX(Recruitment_Data!$D$2:$D$241,MATCH(F9,Recruitment_Data!$L$2:$L$241,0)) | F9: =LARGE(Recruitment_Data!$L$2:$L$241,A9) | G9: =INDEX(Recruitment_Data!$I$2:$I$241,MATCH(F9,Recruitment_Data!$L$2:$L$241,0)) | H9: =INDEX(Recruitment_Data!$J$2:$J$241,MATCH(F9,Recruitment_Data!$L$2:$L$241,0))
A10: 9 | B10: =INDEX(Recruitment_Data!$A$2:$A$241,MATCH(F10,Recruitment_Data!$L$2:$L$241,0)) | C10: =INDEX(Recruitment_Data!$B$2:$B$241,MATCH(F10,Recruitment_Data!$L$2:$L$241,0)) | D10: =INDEX(Recruitment_Data!$C$2:$C$241,MATCH(F10,Recruitment_Data!$L$2:$L$241,0)) | E10: =INDEX(Recruitment_Data!$D$2:$D$241,MATCH(F10,Recruitment_Data!$L$2:$L$241,0)) | F10: =LARGE(Recruitment_Data!$L$2:$L$241,A10) | G10: =INDEX(Recruitment_Data!$I$2:$I$241,MATCH(F10,Recruitment_Data!$L$2:$L$241,0)) | H10: =INDEX(Recruitment_Data!$J$2:$J$241,MATCH(F10,Recruitment_Data!$L$2:$L$241,0))
A11: 10 | B11: =INDEX(Recruitment_Data!$A$2:$A$241,MATCH(F11,Recruitment_Data!$L$2:$L$241,0)) | C11: =INDEX(Recruitment_Data!$B$2:$B$241,MATCH(F11,Recruitment_Data!$L$2:$L$241,0)) | D11: =INDEX(Recruitment_Data!$C$2:$C$241,MATCH(F11,Recruitment_Data!$L$2:$L$241,0)) | E11: =INDEX(Recruitment_Data!$D$2:$D$241,MATCH(F11,Recruitment_Data!$L$2:$L$241,0)) | F11: =LARGE(Recruitment_Data!$L$2:$L$241,A11) | G11: =INDEX(Recruitment_Data!$I$2:$I$241,MATCH(F11,Recruitment_Data!$L$2:$L$241,0)) | H11: =INDEX(Recruitment_Data!$J$2:$J$241,MATCH(F11,Recruitment_Data!$L$2:$L$241,0))

Sheet What_If_Scenarios
A1: Scenario | B1: Assumption | C1: Input | D1: Expected Effect | E1: Metric
A2: Scenario 1 | B2: Reduce Interview-to-Offer drop-off by 20% | C2: 0.2 | D2: More candidates reach Offer | E2: Application-to-Hire Ratio / Cost-per-Hire
A3: Scenario 2 | B3: Increase referral hiring by 15% | C3: 0.15 | D3: More hires from Referral | E3: Conversion / Cost-per-Hire
A4: Scenario 3 | B4: Reduce average Time-to-Hire by 5 days | C4: 5 | D4: Faster recruitment cycle | E4: Time-to-Hire / Cost-per-Hire

Sheet Recruitment Dashboard
A1: RECRUITMENT FUNNEL EFFICIENCY ANALYZER
A2: HR Recruitment Analytics | INR ₹ | Excel / Power BI ready
A4: Total Candidates | C4: Hires | E4: Application-to-Hire | G4: Avg Time-to-Hire | I4: Cost-per-Hire
A5: =KPI_Summary!B2 | C5: =KPI_Summary!B3 | E5: =KPI_Summary!B4 | G5: =KPI_Summary!B5 | I5: =KPI_Summary!B7
A7: Offer Acceptance
A8: =KPI_Summary!B8
A11: Source | C11: Department | E11: Stage | G11: Final Status
A12: □ Job Portal | C12: □ IT | E12: □ Applied | G12: □ Hired
A13: □ Referral | C13: □ Finance | E13: □ Screened | G13: □ Rejected
A14: □ LinkedIn | C14: □ HR | E14: □ Interviewed
A15: □ Campus | C15: □ Sales | E15: □ Offered
C16: □ Operations | E16: □ Hired
C17: □ Marketing | E17: □ Rejected
A53: Candidate ID | B53: Source | C53: Department | D53: Role | E53: Time-to-Hire | F53: Hiring Cost (₹)
A54: =Top_10_Longest_Cases!B2 | B54: =Top_10_Longest_Cases!C2 | C54: =Top_10_Longest_Cases!D2 | D54: =Top_10_Longest_Cases!E2 | E54: =Top_10_Longest_Cases!F2 | F54: =Top_10_Longest_Cases!G2
A55: =Top_10_Longest_Cases!B3 | B55: =Top_10_Longest_Cases!C3 | C55: =Top_10_Longest_Cases!D3 | D55: =Top_10_Longest_Cases!E3 | E55: =Top_10_Longest_Cases!F3 | F55: =Top_10_Longest_Cases!G3
A56: =Top_10_Longest_Cases!B4 | B56: =Top_10_Longest_Cases!C4 | C56: =Top_10_Longest_Cases!D4 | D56: =Top_10_Longest_Cases!E4 | E56: =Top_10_Longest_Cases!F4 | F56: =Top_10_Longest_Cases!G4
A57: =Top_10_Longest_Cases!B5 | B57: =Top_10_Longest_Cases!C5 | C57: =Top_10_Longest_Cases!D5 | D57: =Top_10_Longest_Cases!E5 | E57: =Top_10_Longest_Cases!F5 | F57: =Top_10_Longest_Cases!G5
A58: =Top_10_Longest_Cases!B6 | B58: =Top_10_Longest_Cases!C6 | C58: =Top_10_Longest_Cases!D6 | D58: =Top_10_Longest_Cases!E6 | E58: =Top_10_Longest_Cases!F6 | F58: =Top_10_Longest_Cases!G6
A59: =Top_10_Longest_Cases!B7 | B59: =Top_10_Longest_Cases!C7 | C59: =Top_10_Longest_Cases!D7 | D59: =Top_10_Longest_Cases!E7 | E59: =Top_10_Longest_Cases!F7 | F59: =Top_10_Longest_Cases!G7
A60: =Top_10_Longest_Cases!B8 | B60: =Top_10_Longest_Cases!C8 | C60: =Top_10_Longest_Cases!D8 | D60: =Top_10_Longest_Cases!E8 | E60: =Top_10_Longest_Cases!F8 | F60: =Top_10_Longest_Cases!G8
A61: =Top_10_Longest_Cases!B9 | B61: =Top_10_Longest_Cases!C9 | C61: =Top_10_Longest_Cases!D9 | D61: =Top_10_Longest_Cases!E9 | E61: =Top_10_Longest_Cases!F9 | F61: =Top_10_Longest_Cases!G9
A62: =Top_10_Longest_Cases!B10 | B62: =Top_10_Longest_Cases!C10 | C62: =Top_10_Longest_Cases!D10 | D62: =Top_10_Longest_Cases!E10 | E62: =Top_10_Longest_Cases!F10 | F62: =Top_10_Longest_Cases!G10
A63: =Top_10_Longest_Cases!B11 | B63: =Top_10_Longest_Cases!C11 | C63: =Top_10_Longest_Cases!D11 | D63: =Top_10_Longest_Cases!E11 | E63: =Top_10_Longest_Cases!F11 | F63: =Top_10_Longest_Cases!G11

Sheet Instructions
A1: PROJECT TITLE | B1: Recruitment Funnel Efficiency Analyzer
A2: Objective | B2: Analyze recruitment from applications to offers using conversion rates, time-to-hire, cost-per-hire and bottleneck analysis.
A3: Dataset | B3: 240 sample recruitment records; requirement is 200+.
A4: Stage Duration | B4: Stage Exit Date − Stage Entry Date.
A5: Application-to-Hire Ratio | B5: Hired ÷ Applied.
A6: Stage Conversion % | B6: Candidates progressed ÷ candidates entered stage.
A7: Time-to-Hire | B7: Hired candidate exit date − Applied date.
A8: Cost-per-Hire | B8: Total Hiring Cost ÷ Number of Hires.
A9: Offer Acceptance Rate | B9: Offers Accepted ÷ Offers Given.
A10: Dashboard | B10: Funnel, drop-off %, hires by source, time-to-hire trend, cost-per-hire by source, and department conversion.
A11: Top 10 | B11: Longest recruitment cases with Candidate ID and duration.
A12: What-if 1 | B12: Reduce Interview-to-Offer drop-off by 20%.
... A15: Currency | B15: Recruitment cost values use INR (₹).
